"DESCRIPTION","DURATION IN MS","NAME","PARENT SUITE","START TIME","STATUS","STOP TIME","SUB SUITE","SUITE","TEST CLASS","TEST METHOD"
"","1904","get started link","BS-Chrome-MacSequoia","2026-08-31","passed","2026-08-31","","example.spec.ts","",""
"","16911","DJCSS-T133: Verify submission with only the mandatory fields filled, leaving all optional fields blank - Otsuka","BS-Chrome-Windows11","2026-08-31","failed","2026-08-31","MCT Form Submission > Otsuka","mct-form/mct-form-submission.spec.ts","",""
"","17266","DJCSS-T167: Verify Advanced Search product filter navigates to filtered results","BS-Chrome-MacSequoia","2026-08-31","passed","2026-08-31","Home","home/home.spec.ts","",""
"","12394","DJCSS-T137: Verify that the form prevents submission if mandatory fields are empty - Arconic","BS-Chrome-MacSequoia","2026-08-31","passed","2026-08-31","MCT Form Submission > Arconic","mct-form/mct-form-submission.spec.ts","",""
"","10392","DJCSS-T153: Verify addition of new products to the Product Alert list","BS-Chrome-Windows11","2026-08-31","failed","2026-08-31","Product Alerts","product-alerts/product-alerts.spec.ts","",""
"","11557","DJCSS-T142: Verify that the form prevents submission if mandatory fields are empty - Constellium","BS-Chrome-MacSequoia","2026-08-31","passed","2026-08-31","MCT Form Submission > Constellium","mct-form/mct-form-submission.spec.ts","",""
"","13164","DJCSS-T118: Verify that the form prevents submission if mandatory fields are empty - Prosegur","BS-Edge-Windows11","2026-08-31","passed","2026-08-31","MCT Form Submission > Prosegur","mct-form/mct-form-submission.spec.ts","",""
"","16885","DJCSS-T176: Verify form submission for RC DJCSS Third Party","BS-Chrome-Windows11","2026-08-31","passed","2026-08-31","RC Feedback Forms","rc-feedback-forms/rc-feedback-forms.spec.ts","",""
"","12316","DJCSS-T132: Verify that the form prevents submission if mandatory fields are empty - Otsuka","BS-Firefox-Windows11","2026-08-31","passed","2026-08-31","MCT Form Submission > Otsuka","mct-form/mct-form-submission.spec.ts","",""
"","11963","DJCSS-T138: Verify submission with only the mandatory fields filled, leaving all optional fields blank - Arconic","BS-Firefox-Windows11","2026-08-31","passed","2026-08-31","MCT Form Submission > Arconic","mct-form/mct-form-submission.spec.ts","",""
"","14859","DJCSS-T115: Verify the form successfully accepts exactly 3 uploaded files - Analog","BS-Chrome-Windows11","2026-08-31","passed","2026-08-31","MCT Form Submission > Analog","mct-form/mct-form-submission.spec.ts","",""
"","22321","DJCSS-T136: Verify that the form submits successfully when all fields (Mandatory + Optional) are populated correctly - Arconic","BS-Edge-Windows11","2026-08-31","passed","2026-08-31","MCT Form Submission > Arconic","mct-form/mct-form-submission.spec.ts","",""
"","17008","DJCSS-T176: Verify form submission for RC DJCSS Third Party","BS-Edge-Windows11","2026-08-31","passed","2026-08-31","RC Feedback Forms","rc-feedback-forms/rc-feedback-forms.spec.ts","",""
"","23604","DJCSS-T157: Verify the updated Product container for Product Alert","BS-Firefox-Windows11","2026-08-31","passed","2026-08-31","Product Alerts","product-alerts/product-alerts.spec.ts","",""
"","22905","DJCSS-T151: Verify DJ Yomiuri logo is displayed correctly across viewport sizes","BS-Chrome-MacSequoia","2026-08-31","passed","2026-08-31","DJ Yomiuri Standalone","dj-yomiuri-standalone/dj-yomiuri-standalone.spec.ts","",""
"","15358","DJCSS-T119: Verify submission with only the mandatory fields filled, leaving all optional fields blank - Prosegur","BS-Firefox-Windows11","2026-08-31","passed","2026-08-31","MCT Form Submission > Prosegur","mct-form/mct-form-submission.spec.ts","",""
"","12049","DJCSS-T128: Verify Unrestricted Upload of File for MyCompanyTodayForm - Analog","BS-Chrome-Windows11","2026-08-31","passed","2026-08-31","MCT Form Submission > Analog","mct-form/mct-form-submission.spec.ts","",""
"","23947","DJCSS-T157: Verify the updated Product container for Product Alert","BS-Chrome-Windows11","2026-08-31","passed","2026-08-31","Product Alerts","product-alerts/product-alerts.spec.ts","",""
"","28479","DJCSS-T175: Verify form submission for RC DJCSS Global Risk Monitor","BS-Edge-Windows11","2026-08-31","passed","2026-08-31","RC Feedback Forms","rc-feedback-forms/rc-feedback-forms.spec.ts","",""
"","28928","DJCSS-T177: Verify form submission for RC DJCSS RiskJournal","BS-Chrome-MacSequoia","2026-08-31","failed","2026-08-31","RC Feedback Forms","rc-feedback-forms/rc-feedback-forms.spec.ts","",""
"","24304","DJCSS-T105: Verify the FAQ URL redirection on FAQ Menu on the Navigation bar","BS-Chrome-MacSequoia","2026-08-31","passed","2026-08-31","FAQ Navigation","faq/faq-navigation.spec.ts","",""
"","27929","DJCSS-T162: User can successfully change their Phone Country within the chat interface","BS-Chrome-Windows11","2026-08-31","passed","2026-08-31","Live Chat","live-chat/live-chat.spec.ts","",""
"","26601","should load Dow Jones AccelQ homepage","BS-Chrome-Windows11","2026-08-31","passed","2026-08-31","","dowjones-accelq.spec.ts","",""
"","16075","DJCSS-T146: Verify that the form submits successfully when all fields (Mandatory + Optional) are populated correctly - TRS","BS-Chrome-MacSequoia","2026-08-31","failed","2026-08-31","MCT Form Submission > TRS","mct-form/mct-form-submission.spec.ts","",""
"","16004","DJCSS-T133: Verify submission with only the mandatory fields filled, leaving all optional fields blank - Otsuka","BS-Edge-Windows11","2026-08-31","failed","2026-08-31","MCT Form Submission > Otsuka","mct-form/mct-form-submission.spec.ts","",""
"","27808","DJCSS-T175: Verify form submission for RC DJCSS Global Risk Monitor","BS-Chrome-Windows11","2026-08-31","passed","2026-08-31","RC Feedback Forms","rc-feedback-forms/rc-feedback-forms.spec.ts","",""
"","11448","DJCSS-T134: Verify the form successfully accepts exactly 3 uploaded files - Otsuka","BS-Edge-Windows11","2026-08-31","passed","2026-08-31","MCT Form Submission > Otsuka","mct-form/mct-form-submission.spec.ts","",""
"","12583","DJCSS-T119: Verify submission with only the mandatory fields filled, leaving all optional fields blank - Prosegur","BS-Chrome-MacSequoia","2026-08-31","passed","2026-08-31","MCT Form Submission > Prosegur","mct-form/mct-form-submission.spec.ts","",""
"","11690","DJCSS-T135: Verify Unrestricted Upload of File for MyCompanyTodayForm - Otsuka","BS-Chrome-Windows11","2026-08-31","passed","2026-08-31","MCT Form Submission > Otsuka","mct-form/mct-form-submission.spec.ts","",""
"","23294","DJCSS-T168: Portuguese option appears in Preferred Language dropdown","BS-Chrome-Windows11","2026-08-31","passed","2026-08-31","Live Chat","live-chat/live-chat.spec.ts","",""
"","14054","DJCSS-T170c: Verify apidocumentation form prevents submission when First Name, Last Name, and message are empty","BS-Chrome-Windows11","2026-08-31","passed","2026-08-31","RC Feedback Forms","rc-feedback-forms/rc-feedback-forms.spec.ts","",""
"","22340","DJCSS-T56: Verify Source Name field enforces a 160 character limit","BS-Edge-Windows11","2026-08-31","passed","2026-08-31","Factiva Source Request Form","factiva-source-request-form/factiva-source-request-form.spec.ts","",""
"","25952","DJCSS-T125: Verify unrestricted file upload is rejected on the R&C profile update tab","BS-Chrome-Windows11","2026-08-31","passed","2026-08-31","Risk & Compliance Product Update","risk-compliance-product-update/risk-compliance-product-update.spec.ts","",""
"","17505","DJCSS-T136: Verify that the form submits successfully when all fields (Mandatory + Optional) are populated correctly - Arconic","BS-Chrome-MacSequoia","2026-08-31","failed","2026-08-31","MCT Form Submission > Arconic","mct-form/mct-form-submission.spec.ts","",""
"","16954","DJCSS-T141: Verify that the form submits successfully when all fields (Mandatory + Optional) are populated correctly - Constellium","BS-Firefox-Windows11","2026-08-31","failed","2026-08-31","MCT Form Submission > Constellium","mct-form/mct-form-submission.spec.ts","",""
"","11412","DJCSS-T148: Verify submission with only the mandatory fields filled, leaving all optional fields blank - TRS","BS-Chrome-Windows11","2026-08-31","passed","2026-08-31","MCT Form Submission > TRS","mct-form/mct-form-submission.spec.ts","",""
"","12112","DJCSS-T111: Verify New MCT Article Submission Form - Analog","BS-Firefox-Windows11","2026-08-31","passed","2026-08-31","MCT Form Submission > Analog","mct-form/mct-form-submission.spec.ts","",""
"","15103","DJCSS-T142: Verify that the form prevents submission if mandatory fields are empty - Constellium","BS-Firefox-Windows11","2026-08-31","passed","2026-08-31","MCT Form Submission > Constellium","mct-form/mct-form-submission.spec.ts","",""
"","27118","DJCSS-T175: Verify form submission for RC DJCSS Global Risk Monitor","BS-Chrome-MacSequoia","2026-08-31","passed","2026-08-31","RC Feedback Forms","rc-feedback-forms/rc-feedback-forms.spec.ts","",""
"","11815","DJCSS-T130: Verify New MCT Article Submission Form - Otsuka","BS-Firefox-Windows11","2026-08-31","passed","2026-08-31","MCT Form Submission > Otsuka","mct-form/mct-form-submission.spec.ts","",""
"","25056","DJCSS-T157: Verify the updated Product container for Product Alert","BS-Edge-Windows11","2026-08-31","passed","2026-08-31","Product Alerts","product-alerts/product-alerts.spec.ts","",""
"","1","has title","BS-Firefox-Windows11","2026-08-31","failed","2026-08-31","","example.spec.ts","",""
"","26406","should load Dow Jones AccelQ homepage","BS-Chrome-MacSequoia","2026-08-31","passed","2026-08-31","","dowjones-accelq.spec.ts","",""
"","13058","DJCSS-T140: Verify Unrestricted Upload of File for MyCompanyTodayForm - Arconic","BS-Chrome-MacSequoia","2026-08-31","passed","2026-08-31","MCT Form Submission > Arconic","mct-form/mct-form-submission.spec.ts","",""
"","12708","DJCSS-T149: Verify the form successfully accepts exactly 3 uploaded files - TRS","BS-Chrome-MacSequoia","2026-08-31","passed","2026-08-31","MCT Form Submission > TRS","mct-form/mct-form-submission.spec.ts","",""
"","23850","DJCSS-T61: Verify Product filter Checkbox Menu items are present in the table","BS-Firefox-Windows11","2026-08-31","passed","2026-08-31","Product Alerts","product-alerts/product-alerts.spec.ts","",""
"","16870","DJCSS-T172: Verify form submission for RC DJCSS API Documentation - Risk & Compliance Ad Hoc Search API 2.0","BS-Edge-Windows11","2026-08-31","passed","2026-08-31","RC Feedback Forms","rc-feedback-forms/rc-feedback-forms.spec.ts","",""
"","26783","DJCSS-T179: Verify form submission for RC DJCSS Trade Compliance","BS-Edge-Windows11","2026-08-31","passed","2026-08-31","RC Feedback Forms","rc-feedback-forms/rc-feedback-forms.spec.ts","",""
"","26083","DJCSS-T129: Verify unrestricted file upload is rejected on the Help Request tab","BS-Firefox-Windows11","2026-08-31","passed","2026-08-31","Help Request Form","help-request-form/help-request-form.spec.ts","",""
"","24639","DJCSS-T157: Verify the updated Product container for Product Alert","BS-Chrome-MacSequoia","2026-08-31","passed","2026-08-31","Product Alerts","product-alerts/product-alerts.spec.ts","",""
"","13475","DJCSS-T132: Verify that the form prevents submission if mandatory fields are empty - Otsuka","BS-Edge-Windows11","2026-08-31","passed","2026-08-31","MCT Form Submission > Otsuka","mct-form/mct-form-submission.spec.ts","",""
"","24423","DJCSS-T61: Verify Product filter Checkbox Menu items are present in the table","BS-Chrome-MacSequoia","2026-08-31","passed","2026-08-31","Product Alerts","product-alerts/product-alerts.spec.ts","",""
"","21740","DJCSS-T151: Verify DJ Yomiuri logo is displayed correctly across viewport sizes","BS-Edge-Windows11","2026-08-31","passed","2026-08-31","DJ Yomiuri Standalone","dj-yomiuri-standalone/dj-yomiuri-standalone.spec.ts","",""
"","18735","DJCSS-T112: Verify that the form submits successfully when all fields (Mandatory + Optional) are populated correctly - Analog","BS-Edge-Windows11","2026-08-31","failed","2026-08-31","MCT Form Submission > Analog","mct-form/mct-form-submission.spec.ts","",""
"","15137","DJCSS-T112: Verify that the form submits successfully when all fields (Mandatory + Optional) are populated correctly - Analog","BS-Chrome-Windows11","2026-08-31","passed","2026-08-31","MCT Form Submission > Analog","mct-form/mct-form-submission.spec.ts","",""
"","30186","DJCSS-T83: Verify Acceptance Modal does not reappear for an already-accepted PDF (same year)","BS-Firefox-Windows11","2026-08-31","broken","2026-08-31","FAQ Forms","faq/faq-forms.spec.ts","",""
"","14412","DJCSS-T136: Verify that the form submits successfully when all fields (Mandatory + Optional) are populated correctly - Arconic","BS-Firefox-Windows11","2026-08-31","passed","2026-08-31","MCT Form Submission > Arconic","mct-form/mct-form-submission.spec.ts","",""
"","497","DJCSS-T167: Verify Advanced Search product filter navigates to filtered results","BS-Firefox-Windows11","2026-08-31","failed","2026-08-31","Home","home/home.spec.ts","",""
"","22329","DJCSS-T168: Portuguese option appears in Preferred Language dropdown","BS-Chrome-MacSequoia","2026-08-31","passed","2026-08-31","Live Chat","live-chat/live-chat.spec.ts","",""
"","27469","DJCSS-T178: Verify form submission for RC DJCSS RCFC (Financial Crimes)","BS-Edge-Windows11","2026-08-31","passed","2026-08-31","RC Feedback Forms","rc-feedback-forms/rc-feedback-forms.spec.ts","",""
"","12193","DJCSS-T120: Verify the form successfully accepts exactly 3 uploaded files - Prosegur","BS-Firefox-Windows11","2026-08-31","passed","2026-08-31","MCT Form Submission > Prosegur","mct-form/mct-form-submission.spec.ts","",""
"","24491","DJCSS-T127: Verify unrestricted file upload is rejected on the Support Resource Request form","BS-Edge-Windows11","2026-08-31","passed","2026-08-31","Help Request Form","help-request-form/help-request-form.spec.ts","",""
"","21099","DJCSS-T165: Dragonfly Intelligence product name is updated in Live Chat form","BS-Edge-Windows11","2026-08-31","passed","2026-08-31","Live Chat","live-chat/live-chat.spec.ts","",""
"","22146","DJCSS-T165: Dragonfly Intelligence product name is updated in Live Chat form","BS-Chrome-Windows11","2026-08-31","passed","2026-08-31","Live Chat","live-chat/live-chat.spec.ts","",""
"","18238","DJCSS-T170: Verify form submission for RC DJCSS API Documentation - R&C Due Diligence Reports API","BS-Edge-Windows11","2026-08-31","passed","2026-08-31","RC Feedback Forms","rc-feedback-forms/rc-feedback-forms.spec.ts","",""
"","18680","DJCSS-T171: Verify form submission for RC DJCSS API Documentation - R&C Legacy Risk & Compliance API","BS-Firefox-Windows11","2026-08-31","passed","2026-08-31","RC Feedback Forms","rc-feedback-forms/rc-feedback-forms.spec.ts","",""
"","18589","DJCSS-T119: Verify submission with only the mandatory fields filled, leaving all optional fields blank - Prosegur","BS-Chrome-Windows11","2026-08-31","failed","2026-08-31","MCT Form Submission > Prosegur","mct-form/mct-form-submission.spec.ts","",""
"","493","DJCSS-T162: User can successfully change their Phone Country within the chat interface","BS-Firefox-Windows11","2026-08-31","failed","2026-08-31","Live Chat","live-chat/live-chat.spec.ts","",""
"","22150","DJCSS-T168: Portuguese option appears in Preferred Language dropdown","BS-Edge-Windows11","2026-08-31","passed","2026-08-31","Live Chat","live-chat/live-chat.spec.ts","",""
"","12121","DJCSS-T134: Verify the form successfully accepts exactly 3 uploaded files - Otsuka","BS-Chrome-MacSequoia","2026-08-31","passed","2026-08-31","MCT Form Submission > Otsuka","mct-form/mct-form-submission.spec.ts","",""
"","15134","DJCSS-T134: Verify the form successfully accepts exactly 3 uploaded files - Otsuka","BS-Firefox-Windows11","2026-08-31","passed","2026-08-31","MCT Form Submission > Otsuka","mct-form/mct-form-submission.spec.ts","",""
"","26048","DJCSS-T125: Verify unrestricted file upload is rejected on the R&C profile update tab","BS-Edge-Windows11","2026-08-31","passed","2026-08-31","Risk & Compliance Product Update","risk-compliance-product-update/risk-compliance-product-update.spec.ts","",""
"","22816","DJCSS-T151: Verify DJ Yomiuri logo is displayed correctly across viewport sizes","BS-Firefox-Windows11","2026-08-31","passed","2026-08-31","DJ Yomiuri Standalone","dj-yomiuri-standalone/dj-yomiuri-standalone.spec.ts","",""
"","18141","DJCSS-T119: Verify submission with only the mandatory fields filled, leaving all optional fields blank - Prosegur","BS-Edge-Windows11","2026-08-31","failed","2026-08-31","MCT Form Submission > Prosegur","mct-form/mct-form-submission.spec.ts","",""
"","12988","DJCSS-T120: Verify the form successfully accepts exactly 3 uploaded files - Prosegur","BS-Chrome-Windows11","2026-08-31","passed","2026-08-31","MCT Form Submission > Prosegur","mct-form/mct-form-submission.spec.ts","",""
"","10681","DJCSS-T116: Verify New MCT Article Submission Form - Prosegur","BS-Chrome-Windows11","2026-08-31","passed","2026-08-31","MCT Form Submission > Prosegur","mct-form/mct-form-submission.spec.ts","",""
"","14497","DJCSS-T141: Verify that the form submits successfully when all fields (Mandatory + Optional) are populated correctly - Constellium","BS-Edge-Windows11","2026-08-31","passed","2026-08-31","MCT Form Submission > Constellium","mct-form/mct-form-submission.spec.ts","",""
"","18544","DJCSS-T143: Verify submission with only the mandatory fields filled, leaving all optional fields blank - Constellium","BS-Edge-Windows11","2026-08-31","failed","2026-08-31","MCT Form Submission > Constellium","mct-form/mct-form-submission.spec.ts","",""
"","18097","DJCSS-T143: Verify submission with only the mandatory fields filled, leaving all optional fields blank - Constellium","BS-Chrome-Windows11","2026-08-31","failed","2026-08-31","MCT Form Submission > Constellium","mct-form/mct-form-submission.spec.ts","",""
"","14277","DJCSS-T137: Verify that the form prevents submission if mandatory fields are empty - Arconic","BS-Firefox-Windows11","2026-08-31","passed","2026-08-31","MCT Form Submission > Arconic","mct-form/mct-form-submission.spec.ts","",""
"","17297","DJCSS-T131: Verify that the form submits successfully when all fields (Mandatory + Optional) are populated correctly - Otsuka","BS-Firefox-Windows11","2026-08-31","failed","2026-08-31","MCT Form Submission > Otsuka","mct-form/mct-form-submission.spec.ts","",""
"","456","DJCSS-T168: Portuguese option appears in Preferred Language dropdown","BS-Firefox-Windows11","2026-08-31","failed","2026-08-31","Live Chat","live-chat/live-chat.spec.ts","",""
"","15820","DJCSS-T173: Verify form submission for RC DJCSS API Documentation - R&C Screening & Monitoring API","BS-Firefox-Windows11","2026-08-31","passed","2026-08-31","RC Feedback Forms","rc-feedback-forms/rc-feedback-forms.spec.ts","",""
"","11751","DJCSS-T116: Verify New MCT Article Submission Form - Prosegur","BS-Firefox-Windows11","2026-08-31","passed","2026-08-31","MCT Form Submission > Prosegur","mct-form/mct-form-submission.spec.ts","",""
"","23607","DJCSS-T56: Verify Source Name field enforces a 160 character limit","BS-Chrome-Windows11","2026-08-31","passed","2026-08-31","Factiva Source Request Form","factiva-source-request-form/factiva-source-request-form.spec.ts","",""
"","12295","DJCSS-T150: Verify Unrestricted Upload of File for MyCompanyTodayForm - TRS","BS-Chrome-MacSequoia","2026-08-31","passed","2026-08-31","MCT Form Submission > TRS","mct-form/mct-form-submission.spec.ts","",""
"","17342","DJCSS-T95: Verify updated Top Left Site Logo on DJCSS","BS-Chrome-MacSequoia","2026-08-31","passed","2026-08-31","Logo Updates","logo-updates/logo-updates.spec.ts","",""
"","11474","DJCSS-T147: Verify that the form prevents submission if mandatory fields are empty - TRS","BS-Chrome-MacSequoia","2026-08-31","passed","2026-08-31","MCT Form Submission > TRS","mct-form/mct-form-submission.spec.ts","",""
"","13994","DJCSS-T148: Verify submission with only the mandatory fields filled, leaving all optional fields blank - TRS","BS-Edge-Windows11","2026-08-31","passed","2026-08-31","MCT Form Submission > TRS","mct-form/mct-form-submission.spec.ts","",""
"","14183","DJCSS-T170c: Verify apidocumentation form prevents submission when First Name, Last Name, and message are empty","BS-Chrome-MacSequoia","2026-08-31","passed","2026-08-31","RC Feedback Forms","rc-feedback-forms/rc-feedback-forms.spec.ts","",""
"","16768","DJCSS-T96: Verify updated Footer Logo on DJCSS","BS-Edge-Windows11","2026-08-31","passed","2026-08-31","Logo Updates","logo-updates/logo-updates.spec.ts","",""
"","25981","DJCSS-T98: Verify updated Favicon Logo","BS-Chrome-Windows11","2026-08-31","passed","2026-08-31","Logo Updates","logo-updates/logo-updates.spec.ts","",""
"","12361","DJCSS-T167: Verify Advanced Search product filter navigates to filtered results","Chrome","2026-08-31","passed","2026-08-31","Home","home/home.spec.ts","",""
"","12777","DJCSS-T135: Verify Unrestricted Upload of File for MyCompanyTodayForm - Otsuka","BS-Edge-Windows11","2026-08-31","passed","2026-08-31","MCT Form Submission > Otsuka","mct-form/mct-form-submission.spec.ts","",""
"","30005","DJCSS-T130: Verify New MCT Article Submission Form - Otsuka","BS-Chrome-MacSequoia","2026-08-31","broken","2026-08-31","MCT Form Submission > Otsuka","mct-form/mct-form-submission.spec.ts","",""
"","13322","DJCSS-T133: Verify submission with only the mandatory fields filled, leaving all optional fields blank - Otsuka","BS-Firefox-Windows11","2026-08-31","passed","2026-08-31","MCT Form Submission > Otsuka","mct-form/mct-form-submission.spec.ts","",""
"","30179","DJCSS-T177: Verify form submission for RC DJCSS RiskJournal","BS-Edge-Windows11","2026-08-31","broken","2026-08-31","RC Feedback Forms","rc-feedback-forms/rc-feedback-forms.spec.ts","",""
"","13462","DJCSS-T135: Verify Unrestricted Upload of File for MyCompanyTodayForm - Otsuka","BS-Firefox-Windows11","2026-08-31","passed","2026-08-31","MCT Form Submission > Otsuka","mct-form/mct-form-submission.spec.ts","",""
"","30255","DJCSS-T83: Verify Acceptance Modal does not reappear for an already-accepted PDF (same year)","BS-Chrome-Windows11","2026-08-31","broken","2026-08-31","FAQ Forms","faq/faq-forms.spec.ts","",""
"","27329","DJCSS-T179: Verify form submission for RC DJCSS Trade Compliance","BS-Firefox-Windows11","2026-08-31","passed","2026-08-31","RC Feedback Forms","rc-feedback-forms/rc-feedback-forms.spec.ts","",""
"","11868","DJCSS-T150: Verify Unrestricted Upload of File for MyCompanyTodayForm - TRS","BS-Edge-Windows11","2026-08-31","passed","2026-08-31","MCT Form Submission > TRS","mct-form/mct-form-submission.spec.ts","",""
"","26139","DJCSS-T105: Verify the FAQ URL redirection on FAQ Menu on the Navigation bar","BS-Firefox-Windows11","2026-08-31","passed","2026-08-31","FAQ Navigation","faq/faq-navigation.spec.ts","",""
"","26513","DJCSS-T98: Verify updated Favicon Logo","BS-Chrome-MacSequoia","2026-08-31","passed","2026-08-31","Logo Updates","logo-updates/logo-updates.spec.ts","",""
"","28683","DJCSS-T83: Verify Acceptance Modal does not reappear for an already-accepted PDF (same year)","BS-Edge-Windows11","2026-08-31","passed","2026-08-31","FAQ Forms","faq/faq-forms.spec.ts","",""
"","14214","DJCSS-T114: Verify submission with only the mandatory fields filled, leaving all optional fields blank - Analog","BS-Chrome-Windows11","2026-08-31","passed","2026-08-31","MCT Form Submission > Analog","mct-form/mct-form-submission.spec.ts","",""
"","428","DJCSS-T55: Live Chat - Preferred Language selection is required","BS-Firefox-Windows11","2026-08-31","failed","2026-08-31","Live Chat","live-chat/live-chat.spec.ts","",""
"","22731","DJCSS-T56: Verify Source Name field enforces a 160 character limit","BS-Chrome-MacSequoia","2026-08-31","passed","2026-08-31","Factiva Source Request Form","factiva-source-request-form/factiva-source-request-form.spec.ts","",""
"","13353","DJCSS-T170b: Verify apidocumentation form submits successfully even when Product is left unselected","BS-Edge-Windows11","2026-08-31","passed","2026-08-31","RC Feedback Forms","rc-feedback-forms/rc-feedback-forms.spec.ts","",""
"","18567","DJCSS-T173: Verify form submission for RC DJCSS API Documentation - R&C Screening & Monitoring API","BS-Chrome-Windows11","2026-08-31","passed","2026-08-31","RC Feedback Forms","rc-feedback-forms/rc-feedback-forms.spec.ts","",""
"","1","get started link","BS-Firefox-Windows11","2026-08-31","failed","2026-08-31","","example.spec.ts","",""
"","29232","should display Automation at Hyperspeed text","BS-Edge-Windows11","2026-08-31","passed","2026-08-31","","dowjones-accelq.spec.ts","",""
"","12003","DJCSS-T138: Verify submission with only the mandatory fields filled, leaving all optional fields blank - Arconic","BS-Chrome-Windows11","2026-08-31","passed","2026-08-31","MCT Form Submission > Arconic","mct-form/mct-form-submission.spec.ts","",""
"","23639","DJCSS-T129: Verify unrestricted file upload is rejected on the Help Request tab","BS-Chrome-Windows11","2026-08-31","passed","2026-08-31","Help Request Form","help-request-form/help-request-form.spec.ts","",""
"","19901","DJCSS-T85: Verify updated Top Left Site Logo on DJCSS","BS-Chrome-Windows11","2026-08-31","passed","2026-08-31","Recycle","recycle/recycle.spec.ts","",""
"","26840","should display Automation at Hyperspeed text","BS-Chrome-MacSequoia","2026-08-31","passed","2026-08-31","","dowjones-accelq.spec.ts","",""
"","12394","DJCSS-T128: Verify Unrestricted Upload of File for MyCompanyTodayForm - Analog","BS-Chrome-MacSequoia","2026-08-31","passed","2026-08-31","MCT Form Submission > Analog","mct-form/mct-form-submission.spec.ts","",""
"","15697","DJCSS-T170b: Verify apidocumentation form submits successfully even when Product is left unselected","BS-Firefox-Windows11","2026-08-31","passed","2026-08-31","RC Feedback Forms","rc-feedback-forms/rc-feedback-forms.spec.ts","",""
"","12273","DJCSS-T116: Verify New MCT Article Submission Form - Prosegur","BS-Chrome-MacSequoia","2026-08-31","passed","2026-08-31","MCT Form Submission > Prosegur","mct-form/mct-form-submission.spec.ts","",""
"","17405","DJCSS-T146: Verify that the form submits successfully when all fields (Mandatory + Optional) are populated correctly - TRS","BS-Chrome-Windows11","2026-08-31","failed","2026-08-31","MCT Form Submission > TRS","mct-form/mct-form-submission.spec.ts","",""
"","15177","DJCSS-T114: Verify submission with only the mandatory fields filled, leaving all optional fields blank - Analog","BS-Firefox-Windows11","2026-08-31","passed","2026-08-31","MCT Form Submission > Analog","mct-form/mct-form-submission.spec.ts","",""
"","12329","DJCSS-T128: Verify Unrestricted Upload of File for MyCompanyTodayForm - Analog","BS-Edge-Windows11","2026-08-31","passed","2026-08-31","MCT Form Submission > Analog","mct-form/mct-form-submission.spec.ts","",""
"","30164","DJCSS-T177: Verify form submission for RC DJCSS RiskJournal","BS-Firefox-Windows11","2026-08-31","broken","2026-08-31","RC Feedback Forms","rc-feedback-forms/rc-feedback-forms.spec.ts","",""
"","25836","DJCSS-T127: Verify unrestricted file upload is rejected on the Support Resource Request form","BS-Firefox-Windows11","2026-08-31","passed","2026-08-31","Help Request Form","help-request-form/help-request-form.spec.ts","",""
"","17374","DJCSS-T136: Verify that the form submits successfully when all fields (Mandatory + Optional) are populated correctly - Arconic","BS-Chrome-Windows11","2026-08-31","failed","2026-08-31","MCT Form Submission > Arconic","mct-form/mct-form-submission.spec.ts","",""
"","12846","DJCSS-T143: Verify submission with only the mandatory fields filled, leaving all optional fields blank - Constellium","BS-Firefox-Windows11","2026-08-31","passed","2026-08-31","MCT Form Submission > Constellium","mct-form/mct-form-submission.spec.ts","",""
"","11217","DJCSS-T130: Verify New MCT Article Submission Form - Otsuka","BS-Chrome-Windows11","2026-08-31","passed","2026-08-31","MCT Form Submission > Otsuka","mct-form/mct-form-submission.spec.ts","",""
"","15630","DJCSS-T117: Verify that the form submits successfully when all fields (Mandatory + Optional) are populated correctly - Prosegur","BS-Edge-Windows11","2026-08-31","passed","2026-08-31","MCT Form Submission > Prosegur","mct-form/mct-form-submission.spec.ts","",""
"","12911","DJCSS-T139: Verify the form successfully accepts exactly 3 uploaded files - Arconic","BS-Edge-Windows11","2026-08-31","passed","2026-08-31","MCT Form Submission > Arconic","mct-form/mct-form-submission.spec.ts","",""
"","12810","DJCSS-T135: Verify Unrestricted Upload of File for MyCompanyTodayForm - Otsuka","BS-Chrome-MacSequoia","2026-08-31","passed","2026-08-31","MCT Form Submission > Otsuka","mct-form/mct-form-submission.spec.ts","",""
"","13792","DJCSS-T139: Verify the form successfully accepts exactly 3 uploaded files - Arconic","BS-Chrome-Windows11","2026-08-31","passed","2026-08-31","MCT Form Submission > Arconic","mct-form/mct-form-submission.spec.ts","",""
"","12251","DJCSS-T147: Verify that the form prevents submission if mandatory fields are empty - TRS","BS-Edge-Windows11","2026-08-31","passed","2026-08-31","MCT Form Submission > TRS","mct-form/mct-form-submission.spec.ts","",""
"","22216","DJCSS-T55: Live Chat - Preferred Language selection is required","BS-Chrome-MacSequoia","2026-08-31","passed","2026-08-31","Live Chat","live-chat/live-chat.spec.ts","",""
"","17077","DJCSS-T171: Verify form submission for RC DJCSS API Documentation - R&C Legacy Risk & Compliance API","BS-Chrome-MacSequoia","2026-08-31","passed","2026-08-31","RC Feedback Forms","rc-feedback-forms/rc-feedback-forms.spec.ts","",""
"","12416","DJCSS-T147: Verify that the form prevents submission if mandatory fields are empty - TRS","BS-Firefox-Windows11","2026-08-31","passed","2026-08-31","MCT Form Submission > TRS","mct-form/mct-form-submission.spec.ts","",""
"","15111","DJCSS-T170b: Verify apidocumentation form submits successfully even when Product is left unselected","BS-Chrome-Windows11","2026-08-31","passed","2026-08-31","RC Feedback Forms","rc-feedback-forms/rc-feedback-forms.spec.ts","",""
"","27763","DJCSS-T106: Verify FAQ URL after submitting Help Request Form","BS-Edge-Windows11","2026-08-31","passed","2026-08-31","FAQ Forms","faq/faq-forms.spec.ts","",""
"","19160","DJCSS-T86: Verify updated Footer Logo on DJCSS","BS-Chrome-Windows11","2026-08-31","passed","2026-08-31","Recycle","recycle/recycle.spec.ts","",""
"","14429","DJCSS-T137: Verify that the form prevents submission if mandatory fields are empty - Arconic","BS-Edge-Windows11","2026-08-31","passed","2026-08-31","MCT Form Submission > Arconic","mct-form/mct-form-submission.spec.ts","",""
"","18746","DJCSS-T170: Verify form submission for RC DJCSS API Documentation - R&C Due Diligence Reports API","BS-Chrome-Windows11","2026-08-31","passed","2026-08-31","RC Feedback Forms","rc-feedback-forms/rc-feedback-forms.spec.ts","",""
"","30279","DJCSS-T117: Verify that the form submits successfully when all fields (Mandatory + Optional) are populated correctly - Prosegur","BS-Firefox-Windows11","2026-08-31","broken","2026-08-31","MCT Form Submission > Prosegur","mct-form/mct-form-submission.spec.ts","",""
"","18739","DJCSS-T95: Verify updated Top Left Site Logo on DJCSS","BS-Chrome-Windows11","2026-08-31","passed","2026-08-31","Logo Updates","logo-updates/logo-updates.spec.ts","",""
"","15487","DJCSS-T172: Verify form submission for RC DJCSS API Documentation - Risk & Compliance Ad Hoc Search API 2.0","BS-Firefox-Windows11","2026-08-31","passed","2026-08-31","RC Feedback Forms","rc-feedback-forms/rc-feedback-forms.spec.ts","",""
"","16255","DJCSS-T143: Verify submission with only the mandatory fields filled, leaving all optional fields blank - Constellium","BS-Chrome-MacSequoia","2026-08-31","failed","2026-08-31","MCT Form Submission > Constellium","mct-form/mct-form-submission.spec.ts","",""
"","11877","DJCSS-T140: Verify Unrestricted Upload of File for MyCompanyTodayForm - Arconic","BS-Edge-Windows11","2026-08-31","passed","2026-08-31","MCT Form Submission > Arconic","mct-form/mct-form-submission.spec.ts","",""
"","12226","DJCSS-T128: Verify Unrestricted Upload of File for MyCompanyTodayForm - Analog","BS-Firefox-Windows11","2026-08-31","passed","2026-08-31","MCT Form Submission > Analog","mct-form/mct-form-submission.spec.ts","",""
"","20063","DJCSS-T96: Verify updated Footer Logo on DJCSS","BS-Chrome-Windows11","2026-08-31","passed","2026-08-31","Logo Updates","logo-updates/logo-updates.spec.ts","",""
"","28377","DJCSS-T177: Verify form submission for RC DJCSS RiskJournal","BS-Chrome-Windows11","2026-08-31","failed","2026-08-31","RC Feedback Forms","rc-feedback-forms/rc-feedback-forms.spec.ts","",""
"","2893","get started link","BS-Edge-Windows11","2026-08-31","passed","2026-08-31","","example.spec.ts","",""
"","24944","DJCSS-T166: Verify Product Area dropdown reflects updated product names for Global Risk Insights","BS-Firefox-Windows11","2026-08-31","passed","2026-08-31","Help Request Form","help-request-form/help-request-form.spec.ts","",""
"","17436","DJCSS-T172: Verify form submission for RC DJCSS API Documentation - Risk & Compliance Ad Hoc Search API 2.0","BS-Chrome-Windows11","2026-08-31","passed","2026-08-31","RC Feedback Forms","rc-feedback-forms/rc-feedback-forms.spec.ts","",""
"","27998","DJCSS-T178: Verify form submission for RC DJCSS RCFC (Financial Crimes)","BS-Firefox-Windows11","2026-08-31","passed","2026-08-31","RC Feedback Forms","rc-feedback-forms/rc-feedback-forms.spec.ts","",""
"","26174","DJCSS-T174: Verify form submission for RC DJCSS Oxford Analytica","BS-Chrome-Windows11","2026-08-31","passed","2026-08-31","RC Feedback Forms","rc-feedback-forms/rc-feedback-forms.spec.ts","",""
"","17430","DJCSS-T86: Verify updated Footer Logo on DJCSS","BS-Firefox-Windows11","2026-08-31","passed","2026-08-31","Recycle","recycle/recycle.spec.ts","",""
"","23900","should load Dow Jones AccelQ homepage","BS-Edge-Windows11","2026-08-31","passed","2026-08-31","","dowjones-accelq.spec.ts","",""
"","10970","DJCSS-T132: Verify that the form prevents submission if mandatory fields are empty - Otsuka","BS-Chrome-Windows11","2026-08-31","passed","2026-08-31","MCT Form Submission > Otsuka","mct-form/mct-form-submission.spec.ts","",""
"","453","DJCSS-T95: Verify updated Top Left Site Logo on DJCSS","BS-Firefox-Windows11","2026-08-31","failed","2026-08-31","Logo Updates","logo-updates/logo-updates.spec.ts","",""
"","21519","DJCSS-T56: Verify Source Name field enforces a 160 character limit","BS-Firefox-Windows11","2026-08-31","passed","2026-08-31","Factiva Source Request Form","factiva-source-request-form/factiva-source-request-form.spec.ts","",""
"","15847","DJCSS-T176: Verify form submission for RC DJCSS Third Party","BS-Firefox-Windows11","2026-08-31","passed","2026-08-31","RC Feedback Forms","rc-feedback-forms/rc-feedback-forms.spec.ts","",""
"","17163","DJCSS-T85: Verify updated Top Left Site Logo on DJCSS","BS-Edge-Windows11","2026-08-31","passed","2026-08-31","Recycle","recycle/recycle.spec.ts","",""
"","11471","DJCSS-T140: Verify Unrestricted Upload of File for MyCompanyTodayForm - Arconic","BS-Chrome-Windows11","2026-08-31","passed","2026-08-31","MCT Form Submission > Arconic","mct-form/mct-form-submission.spec.ts","",""
"","12927","DJCSS-T170c: Verify apidocumentation form prevents submission when First Name, Last Name, and message are empty","BS-Firefox-Windows11","2026-08-31","passed","2026-08-31","RC Feedback Forms","rc-feedback-forms/rc-feedback-forms.spec.ts","",""
"","25325","DJCSS-T162: User can successfully change their Phone Country within the chat interface","BS-Chrome-MacSequoia","2026-08-31","passed","2026-08-31","Live Chat","live-chat/live-chat.spec.ts","",""
"","2279","has title","BS-Chrome-Windows11","2026-08-31","passed","2026-08-31","","example.spec.ts","",""
"","18466","DJCSS-T138: Verify submission with only the mandatory fields filled, leaving all optional fields blank - Arconic","BS-Edge-Windows11","2026-08-31","failed","2026-08-31","MCT Form Submission > Arconic","mct-form/mct-form-submission.spec.ts","",""
"","13655","DJCSS-T131: Verify that the form submits successfully when all fields (Mandatory + Optional) are populated correctly - Otsuka","BS-Chrome-Windows11","2026-08-31","passed","2026-08-31","MCT Form Submission > Otsuka","mct-form/mct-form-submission.spec.ts","",""
"","26836","DJCSS-T174: Verify form submission for RC DJCSS Oxford Analytica","BS-Edge-Windows11","2026-08-31","passed","2026-08-31","RC Feedback Forms","rc-feedback-forms/rc-feedback-forms.spec.ts","",""
"","14507","DJCSS-T138: Verify submission with only the mandatory fields filled, leaving all optional fields blank - Arconic","BS-Chrome-MacSequoia","2026-08-31","passed","2026-08-31","MCT Form Submission > Arconic","mct-form/mct-form-submission.spec.ts","",""
"","17214","DJCSS-T170: Verify form submission for RC DJCSS API Documentation - R&C Due Diligence Reports API","BS-Firefox-Windows11","2026-08-31","passed","2026-08-31","RC Feedback Forms","rc-feedback-forms/rc-feedback-forms.spec.ts","",""
"","13169","DJCSS-T115: Verify the form successfully accepts exactly 3 uploaded files - Analog","BS-Edge-Windows11","2026-08-31","passed","2026-08-31","MCT Form Submission > Analog","mct-form/mct-form-submission.spec.ts","",""
"","20004","DJCSS-T86: Verify updated Footer Logo on DJCSS","BS-Edge-Windows11","2026-08-31","passed","2026-08-31","Recycle","recycle/recycle.spec.ts","",""
"","14584","DJCSS-T118: Verify that the form prevents submission if mandatory fields are empty - Prosegur","BS-Chrome-Windows11","2026-08-31","passed","2026-08-31","MCT Form Submission > Prosegur","mct-form/mct-form-submission.spec.ts","",""
"","1874","has title","BS-Chrome-MacSequoia","2026-08-31","passed","2026-08-31","","example.spec.ts","",""
"","17793","DJCSS-T173: Verify form submission for RC DJCSS API Documentation - R&C Screening & Monitoring API","BS-Chrome-MacSequoia","2026-08-31","passed","2026-08-31","RC Feedback Forms","rc-feedback-forms/rc-feedback-forms.spec.ts","",""
"","25870","DJCSS-T61: Verify Product filter Checkbox Menu items are present in the table","BS-Edge-Windows11","2026-08-31","passed","2026-08-31","Product Alerts","product-alerts/product-alerts.spec.ts","",""
"","24166","DJCSS-T151: Verify DJ Yomiuri logo is displayed correctly across viewport sizes","BS-Chrome-Windows11","2026-08-31","passed","2026-08-31","DJ Yomiuri Standalone","dj-yomiuri-standalone/dj-yomiuri-standalone.spec.ts","",""
"","25599","should load Dow Jones AccelQ homepage","BS-Firefox-Windows11","2026-08-31","passed","2026-08-31","","dowjones-accelq.spec.ts","",""
"","13089","DJCSS-T113: Verify that the form prevents submission if mandatory fields are empty - Analog","BS-Firefox-Windows11","2026-08-31","passed","2026-08-31","MCT Form Submission > Analog","mct-form/mct-form-submission.spec.ts","",""
"","26631","DJCSS-T174: Verify form submission for RC DJCSS Oxford Analytica","BS-Chrome-MacSequoia","2026-08-31","passed","2026-08-31","RC Feedback Forms","rc-feedback-forms/rc-feedback-forms.spec.ts","",""
"","13917","DJCSS-T132: Verify that the form prevents submission if mandatory fields are empty - Otsuka","BS-Chrome-MacSequoia","2026-08-31","passed","2026-08-31","MCT Form Submission > Otsuka","mct-form/mct-form-submission.spec.ts","",""
"","15382","DJCSS-T111: Verify New MCT Article Submission Form - Analog","BS-Chrome-MacSequoia","2026-08-31","passed","2026-08-31","MCT Form Submission > Analog","mct-form/mct-form-submission.spec.ts","",""
"","13902","DJCSS-T148: Verify submission with only the mandatory fields filled, leaving all optional fields blank - TRS","BS-Firefox-Windows11","2026-08-31","passed","2026-08-31","MCT Form Submission > TRS","mct-form/mct-form-submission.spec.ts","",""
"","11366","DJCSS-T170c: Verify apidocumentation form prevents submission when First Name, Last Name, and message are empty","BS-Edge-Windows11","2026-08-31","passed","2026-08-31","RC Feedback Forms","rc-feedback-forms/rc-feedback-forms.spec.ts","",""
"","14757","DJCSS-T133: Verify submission with only the mandatory fields filled, leaving all optional fields blank - Otsuka","BS-Chrome-MacSequoia","2026-08-31","passed","2026-08-31","MCT Form Submission > Otsuka","mct-form/mct-form-submission.spec.ts","",""
"","24575","DJCSS-T166: Verify Product Area dropdown reflects updated product names for Global Risk Insights","BS-Chrome-MacSequoia","2026-08-31","passed","2026-08-31","Help Request Form","help-request-form/help-request-form.spec.ts","",""
"","28182","DJCSS-T174: Verify form submission for RC DJCSS Oxford Analytica","BS-Firefox-Windows11","2026-08-31","passed","2026-08-31","RC Feedback Forms","rc-feedback-forms/rc-feedback-forms.spec.ts","",""
"","12350","DJCSS-T144: Verify the form successfully accepts exactly 3 uploaded files - Constellium","BS-Firefox-Windows11","2026-08-31","passed","2026-08-31","MCT Form Submission > Constellium","mct-form/mct-form-submission.spec.ts","",""
"","17756","DJCSS-T96: Verify updated Footer Logo on DJCSS","BS-Chrome-MacSequoia","2026-08-31","passed","2026-08-31","Logo Updates","logo-updates/logo-updates.spec.ts","",""
"","24237","DJCSS-T129: Verify unrestricted file upload is rejected on the Help Request tab","BS-Chrome-MacSequoia","2026-08-31","passed","2026-08-31","Help Request Form","help-request-form/help-request-form.spec.ts","",""
"","17412","DJCSS-T114: Verify submission with only the mandatory fields filled, leaving all optional fields blank - Analog","BS-Chrome-MacSequoia","2026-08-31","failed","2026-08-31","MCT Form Submission > Analog","mct-form/mct-form-submission.spec.ts","",""
"","16255","DJCSS-T170b: Verify apidocumentation form submits successfully even when Product is left unselected","BS-Chrome-MacSequoia","2026-08-31","passed","2026-08-31","RC Feedback Forms","rc-feedback-forms/rc-feedback-forms.spec.ts","",""
"","16171","DJCSS-T114: Verify submission with only the mandatory fields filled, leaving all optional fields blank - Analog","BS-Edge-Windows11","2026-08-31","passed","2026-08-31","MCT Form Submission > Analog","mct-form/mct-form-submission.spec.ts","",""
"","23867","DJCSS-T57: Verify Dow Jones Risk Journal is listed under the Product section","BS-Chrome-Windows11","2026-08-31","passed","2026-08-31","Risk & Compliance Product Update","risk-compliance-product-update/risk-compliance-product-update.spec.ts","",""
"","24941","DJCSS-T106: Verify FAQ URL after submitting Help Request Form","BS-Firefox-Windows11","2026-08-31","passed","2026-08-31","FAQ Forms","faq/faq-forms.spec.ts","",""
"","15995","DJCSS-T146: Verify that the form submits successfully when all fields (Mandatory + Optional) are populated correctly - TRS","BS-Edge-Windows11","2026-08-31","failed","2026-08-31","MCT Form Submission > TRS","mct-form/mct-form-submission.spec.ts","",""
"","30227","DJCSS-T141: Verify that the form submits successfully when all fields (Mandatory + Optional) are populated correctly - Constellium","BS-Chrome-MacSequoia","2026-08-31","broken","2026-08-31","MCT Form Submission > Constellium","mct-form/mct-form-submission.spec.ts","",""
"","21664","DJCSS-T167: Verify Advanced Search product filter navigates to filtered results","BS-Chrome-Windows11","2026-08-31","passed","2026-08-31","Home","home/home.spec.ts","",""
"","24737","DJCSS-T125: Verify unrestricted file upload is rejected on the R&C profile update tab","BS-Firefox-Windows11","2026-08-31","passed","2026-08-31","Risk & Compliance Product Update","risk-compliance-product-update/risk-compliance-product-update.spec.ts","",""
"","26997","DJCSS-T106: Verify FAQ URL after submitting Help Request Form","BS-Chrome-Windows11","2026-08-31","passed","2026-08-31","FAQ Forms","faq/faq-forms.spec.ts","",""
"","14074","DJCSS-T120: Verify the form successfully accepts exactly 3 uploaded files - Prosegur","BS-Chrome-MacSequoia","2026-08-31","passed","2026-08-31","MCT Form Submission > Prosegur","mct-form/mct-form-submission.spec.ts","",""
"","23370","DJCSS-T127: Verify unrestricted file upload is rejected on the Support Resource Request form","BS-Chrome-MacSequoia","2026-08-31","passed","2026-08-31","Help Request Form","help-request-form/help-request-form.spec.ts","",""
"","27884","DJCSS-T55: Live Chat - Preferred Language selection is required","BS-Chrome-Windows11","2026-08-31","passed","2026-08-31","Live Chat","live-chat/live-chat.spec.ts","",""
"","23206","DJCSS-T98: Verify updated Favicon Logo","BS-Edge-Windows11","2026-08-31","passed","2026-08-31","Logo Updates","logo-updates/logo-updates.spec.ts","",""
"","28638","DJCSS-T178: Verify form submission for RC DJCSS RCFC (Financial Crimes)","BS-Chrome-Windows11","2026-08-31","passed","2026-08-31","RC Feedback Forms","rc-feedback-forms/rc-feedback-forms.spec.ts","",""
"","17105","DJCSS-T131: Verify that the form submits successfully when all fields (Mandatory + Optional) are populated correctly - Otsuka","BS-Chrome-MacSequoia","2026-08-31","failed","2026-08-31","MCT Form Submission > Otsuka","mct-form/mct-form-submission.spec.ts","",""
"","29059","should display Automation at Hyperspeed text","BS-Chrome-Windows11","2026-08-31","passed","2026-08-31","","dowjones-accelq.spec.ts","",""
"","13396","DJCSS-T112: Verify that the form submits successfully when all fields (Mandatory + Optional) are populated correctly - Analog","BS-Firefox-Windows11","2026-08-31","passed","2026-08-31","MCT Form Submission > Analog","mct-form/mct-form-submission.spec.ts","",""
"","12618","DJCSS-T145: Verify Unrestricted Upload of File for MyCompanyTodayForm - Constellium","BS-Firefox-Windows11","2026-08-31","passed","2026-08-31","MCT Form Submission > Constellium","mct-form/mct-form-submission.spec.ts","",""
"","19319","DJCSS-T85: Verify updated Top Left Site Logo on DJCSS","BS-Chrome-MacSequoia","2026-08-31","passed","2026-08-31","Recycle","recycle/recycle.spec.ts","",""
"","14445","DJCSS-T131: Verify that the form submits successfully when all fields (Mandatory + Optional) are populated correctly - Otsuka","BS-Edge-Windows11","2026-08-31","passed","2026-08-31","MCT Form Submission > Otsuka","mct-form/mct-form-submission.spec.ts","",""
"","11700","DJCSS-T149: Verify the form successfully accepts exactly 3 uploaded files - TRS","BS-Firefox-Windows11","2026-08-31","passed","2026-08-31","MCT Form Submission > TRS","mct-form/mct-form-submission.spec.ts","",""
"","12557","DJCSS-T144: Verify the form successfully accepts exactly 3 uploaded files - Constellium","BS-Edge-Windows11","2026-08-31","passed","2026-08-31","MCT Form Submission > Constellium","mct-form/mct-form-submission.spec.ts","",""
"","15244","DJCSS-T117: Verify that the form submits successfully when all fields (Mandatory + Optional) are populated correctly - Prosegur","BS-Chrome-Windows11","2026-08-31","passed","2026-08-31","MCT Form Submission > Prosegur","mct-form/mct-form-submission.spec.ts","",""
"","24558","DJCSS-T105: Verify the FAQ URL redirection on FAQ Menu on the Navigation bar","BS-Edge-Windows11","2026-08-31","passed","2026-08-31","FAQ Navigation","faq/faq-navigation.spec.ts","",""
"","10680","DJCSS-T153: Verify addition of new products to the Product Alert list","BS-Chrome-MacSequoia","2026-08-31","failed","2026-08-31","Product Alerts","product-alerts/product-alerts.spec.ts","",""
"","10269","DJCSS-T153: Verify addition of new products to the Product Alert list","BS-Firefox-Windows11","2026-08-31","failed","2026-08-31","Product Alerts","product-alerts/product-alerts.spec.ts","",""
"","13105","DJCSS-T113: Verify that the form prevents submission if mandatory fields are empty - Analog","BS-Chrome-Windows11","2026-08-31","passed","2026-08-31","MCT Form Submission > Analog","mct-form/mct-form-submission.spec.ts","",""
"","13942","DJCSS-T142: Verify that the form prevents submission if mandatory fields are empty - Constellium","BS-Chrome-Windows11","2026-08-31","passed","2026-08-31","MCT Form Submission > Constellium","mct-form/mct-form-submission.spec.ts","",""
"","14426","DJCSS-T120: Verify the form successfully accepts exactly 3 uploaded files - Prosegur","BS-Edge-Windows11","2026-08-31","passed","2026-08-31","MCT Form Submission > Prosegur","mct-form/mct-form-submission.spec.ts","",""
"","23773","DJCSS-T57: Verify Dow Jones Risk Journal is listed under the Product section","BS-Edge-Windows11","2026-08-31","passed","2026-08-31","Risk & Compliance Product Update","risk-compliance-product-update/risk-compliance-product-update.spec.ts","",""
"","16984","DJCSS-T171: Verify form submission for RC DJCSS API Documentation - R&C Legacy Risk & Compliance API","BS-Edge-Windows11","2026-08-31","passed","2026-08-31","RC Feedback Forms","rc-feedback-forms/rc-feedback-forms.spec.ts","",""
"","13301","DJCSS-T115: Verify the form successfully accepts exactly 3 uploaded files - Analog","BS-Firefox-Windows11","2026-08-31","passed","2026-08-31","MCT Form Submission > Analog","mct-form/mct-form-submission.spec.ts","",""
"","15477","DJCSS-T176: Verify form submission for RC DJCSS Third Party","BS-Chrome-MacSequoia","2026-08-31","passed","2026-08-31","RC Feedback Forms","rc-feedback-forms/rc-feedback-forms.spec.ts","",""
"","12002","DJCSS-T145: Verify Unrestricted Upload of File for MyCompanyTodayForm - Constellium","BS-Chrome-MacSequoia","2026-08-31","passed","2026-08-31","MCT Form Submission > Constellium","mct-form/mct-form-submission.spec.ts","",""
"","18655","DJCSS-T117: Verify that the form submits successfully when all fields (Mandatory + Optional) are populated correctly - Prosegur","BS-Chrome-MacSequoia","2026-08-31","failed","2026-08-31","MCT Form Submission > Prosegur","mct-form/mct-form-submission.spec.ts","",""
"","22237","DJCSS-T162: User can successfully change their Phone Country within the chat interface","BS-Edge-Windows11","2026-08-31","passed","2026-08-31","Live Chat","live-chat/live-chat.spec.ts","",""
"","11981","DJCSS-T139: Verify the form successfully accepts exactly 3 uploaded files - Arconic","BS-Firefox-Windows11","2026-08-31","passed","2026-08-31","MCT Form Submission > Arconic","mct-form/mct-form-submission.spec.ts","",""
"","22326","DJCSS-T61: Verify Product filter Checkbox Menu items are present in the table","BS-Chrome-Windows11","2026-08-31","passed","2026-08-31","Product Alerts","product-alerts/product-alerts.spec.ts","",""
"","26651","DJCSS-T179: Verify form submission for RC DJCSS Trade Compliance","BS-Chrome-Windows11","2026-08-31","passed","2026-08-31","RC Feedback Forms","rc-feedback-forms/rc-feedback-forms.spec.ts","",""
"","3315","get started link","BS-Chrome-Windows11","2026-08-31","passed","2026-08-31","","example.spec.ts","",""
"","14048","DJCSS-T145: Verify Unrestricted Upload of File for MyCompanyTodayForm - Constellium","BS-Edge-Windows11","2026-08-31","passed","2026-08-31","MCT Form Submission > Constellium","mct-form/mct-form-submission.spec.ts","",""
"","16146","DJCSS-T112: Verify that the form submits successfully when all fields (Mandatory + Optional) are populated correctly - Analog","BS-Chrome-MacSequoia","2026-08-31","passed","2026-08-31","MCT Form Submission > Analog","mct-form/mct-form-submission.spec.ts","",""
"","18009","DJCSS-T165: Dragonfly Intelligence product name is updated in Live Chat form","BS-Chrome-MacSequoia","2026-08-31","passed","2026-08-31","Live Chat","live-chat/live-chat.spec.ts","",""
"","22451","DJCSS-T166: Verify Product Area dropdown reflects updated product names for Global Risk Insights","BS-Chrome-Windows11","2026-08-31","passed","2026-08-31","Help Request Form","help-request-form/help-request-form.spec.ts","",""
"","24172","DJCSS-T57: Verify Dow Jones Risk Journal is listed under the Product section","BS-Chrome-MacSequoia","2026-08-31","passed","2026-08-31","Risk & Compliance Product Update","risk-compliance-product-update/risk-compliance-product-update.spec.ts","",""
"","12253","DJCSS-T144: Verify the form successfully accepts exactly 3 uploaded files - Constellium","BS-Chrome-MacSequoia","2026-08-31","passed","2026-08-31","MCT Form Submission > Constellium","mct-form/mct-form-submission.spec.ts","",""
"","17784","DJCSS-T146: Verify that the form submits successfully when all fields (Mandatory + Optional) are populated correctly - TRS","BS-Firefox-Windows11","2026-08-31","failed","2026-08-31","MCT Form Submission > TRS","mct-form/mct-form-submission.spec.ts","",""
"","18059","DJCSS-T171: Verify form submission for RC DJCSS API Documentation - R&C Legacy Risk & Compliance API","BS-Chrome-Windows11","2026-08-31","passed","2026-08-31","RC Feedback Forms","rc-feedback-forms/rc-feedback-forms.spec.ts","",""
"","23453","DJCSS-T127: Verify unrestricted file upload is rejected on the Support Resource Request form","BS-Chrome-Windows11","2026-08-31","passed","2026-08-31","Help Request Form","help-request-form/help-request-form.spec.ts","",""
"","16638","DJCSS-T173: Verify form submission for RC DJCSS API Documentation - R&C Screening & Monitoring API","BS-Edge-Windows11","2026-08-31","passed","2026-08-31","RC Feedback Forms","rc-feedback-forms/rc-feedback-forms.spec.ts","",""
"","30145","DJCSS-T179: Verify form submission for RC DJCSS Trade Compliance","BS-Chrome-MacSequoia","2026-08-31","broken","2026-08-31","RC Feedback Forms","rc-feedback-forms/rc-feedback-forms.spec.ts","",""
"","24533","DJCSS-T125: Verify unrestricted file upload is rejected on the R&C profile update tab","BS-Chrome-MacSequoia","2026-08-31","passed","2026-08-31","Risk & Compliance Product Update","risk-compliance-product-update/risk-compliance-product-update.spec.ts","",""
"","12279","DJCSS-T116: Verify New MCT Article Submission Form - Prosegur","BS-Edge-Windows11","2026-08-31","passed","2026-08-31","MCT Form Submission > Prosegur","mct-form/mct-form-submission.spec.ts","",""
"","24042","DJCSS-T106: Verify FAQ URL after submitting Help Request Form","BS-Chrome-MacSequoia","2026-08-31","passed","2026-08-31","FAQ Forms","faq/faq-forms.spec.ts","",""
"","18902","DJCSS-T86: Verify updated Footer Logo on DJCSS","BS-Chrome-MacSequoia","2026-08-31","passed","2026-08-31","Recycle","recycle/recycle.spec.ts","",""
"","11966","DJCSS-T150: Verify Unrestricted Upload of File for MyCompanyTodayForm - TRS","BS-Chrome-Windows11","2026-08-31","passed","2026-08-31","MCT Form Submission > TRS","mct-form/mct-form-submission.spec.ts","",""
"","25313","DJCSS-T129: Verify unrestricted file upload is rejected on the Help Request tab","BS-Edge-Windows11","2026-08-31","passed","2026-08-31","Help Request Form","help-request-form/help-request-form.spec.ts","",""
"","13632","DJCSS-T144: Verify the form successfully accepts exactly 3 uploaded files - Constellium","BS-Chrome-Windows11","2026-08-31","passed","2026-08-31","MCT Form Submission > Constellium","mct-form/mct-form-submission.spec.ts","",""
"","26037","DJCSS-T175: Verify form submission for RC DJCSS Global Risk Monitor","BS-Firefox-Windows11","2026-08-31","passed","2026-08-31","RC Feedback Forms","rc-feedback-forms/rc-feedback-forms.spec.ts","",""
"","11023","DJCSS-T149: Verify the form successfully accepts exactly 3 uploaded files - TRS","BS-Chrome-Windows11","2026-08-31","passed","2026-08-31","MCT Form Submission > TRS","mct-form/mct-form-submission.spec.ts","",""
"","14639","DJCSS-T141: Verify that the form submits successfully when all fields (Mandatory + Optional) are populated correctly - Constellium","BS-Chrome-Windows11","2026-08-31","passed","2026-08-31","MCT Form Submission > Constellium","mct-form/mct-form-submission.spec.ts","",""
"","13707","DJCSS-T115: Verify the form successfully accepts exactly 3 uploaded files - Analog","BS-Chrome-MacSequoia","2026-08-31","passed","2026-08-31","MCT Form Submission > Analog","mct-form/mct-form-submission.spec.ts","",""
"","28785","should display Automation at Hyperspeed text","BS-Firefox-Windows11","2026-08-31","passed","2026-08-31","","dowjones-accelq.spec.ts","",""
"","466","DJCSS-T98: Verify updated Favicon Logo","BS-Firefox-Windows11","2026-08-31","failed","2026-08-31","Logo Updates","logo-updates/logo-updates.spec.ts","",""
"","12057","DJCSS-T149: Verify the form successfully accepts exactly 3 uploaded files - TRS","BS-Edge-Windows11","2026-08-31","passed","2026-08-31","MCT Form Submission > TRS","mct-form/mct-form-submission.spec.ts","",""
"","13809","DJCSS-T113: Verify that the form prevents submission if mandatory fields are empty - Analog","BS-Edge-Windows11","2026-08-31","passed","2026-08-31","MCT Form Submission > Analog","mct-form/mct-form-submission.spec.ts","",""
"","12303","DJCSS-T150: Verify Unrestricted Upload of File for MyCompanyTodayForm - TRS","BS-Firefox-Windows11","2026-08-31","passed","2026-08-31","MCT Form Submission > TRS","mct-form/mct-form-submission.spec.ts","",""
"","21324","DJCSS-T55: Live Chat - Preferred Language selection is required","BS-Edge-Windows11","2026-08-31","passed","2026-08-31","Live Chat","live-chat/live-chat.spec.ts","",""
"","12789","DJCSS-T118: Verify that the form prevents submission if mandatory fields are empty - Prosegur","BS-Firefox-Windows11","2026-08-31","passed","2026-08-31","MCT Form Submission > Prosegur","mct-form/mct-form-submission.spec.ts","",""
"","13898","DJCSS-T134: Verify the form successfully accepts exactly 3 uploaded files - Otsuka","BS-Chrome-Windows11","2026-08-31","passed","2026-08-31","MCT Form Submission > Otsuka","mct-form/mct-form-submission.spec.ts","",""
"","513","DJCSS-T165: Dragonfly Intelligence product name is updated in Live Chat form","BS-Firefox-Windows11","2026-08-31","failed","2026-08-31","Live Chat","live-chat/live-chat.spec.ts","",""
"","19223","DJCSS-T172: Verify form submission for RC DJCSS API Documentation - Risk & Compliance Ad Hoc Search API 2.0","BS-Chrome-MacSequoia","2026-08-31","passed","2026-08-31","RC Feedback Forms","rc-feedback-forms/rc-feedback-forms.spec.ts","",""
"","12700","DJCSS-T130: Verify New MCT Article Submission Form - Otsuka","BS-Edge-Windows11","2026-08-31","passed","2026-08-31","MCT Form Submission > Otsuka","mct-form/mct-form-submission.spec.ts","",""
"","19538","DJCSS-T85: Verify updated Top Left Site Logo on DJCSS","BS-Firefox-Windows11","2026-08-31","passed","2026-08-31","Recycle","recycle/recycle.spec.ts","",""
"","16651","DJCSS-T95: Verify updated Top Left Site Logo on DJCSS","BS-Edge-Windows11","2026-08-31","passed","2026-08-31","Logo Updates","logo-updates/logo-updates.spec.ts","",""
"","16023","DJCSS-T148: Verify submission with only the mandatory fields filled, leaving all optional fields blank - TRS","BS-Chrome-MacSequoia","2026-08-31","passed","2026-08-31","MCT Form Submission > TRS","mct-form/mct-form-submission.spec.ts","",""
"","16389","DJCSS-T170: Verify form submission for RC DJCSS API Documentation - R&C Due Diligence Reports API","BS-Chrome-MacSequoia","2026-08-31","passed","2026-08-31","RC Feedback Forms","rc-feedback-forms/rc-feedback-forms.spec.ts","",""
"","13994","DJCSS-T118: Verify that the form prevents submission if mandatory fields are empty - Prosegur","BS-Chrome-MacSequoia","2026-08-31","passed","2026-08-31","MCT Form Submission > Prosegur","mct-form/mct-form-submission.spec.ts","",""
"","482","DJCSS-T96: Verify updated Footer Logo on DJCSS","BS-Firefox-Windows11","2026-08-31","failed","2026-08-31","Logo Updates","logo-updates/logo-updates.spec.ts","",""
"","13143","DJCSS-T145: Verify Unrestricted Upload of File for MyCompanyTodayForm - Constellium","BS-Chrome-Windows11","2026-08-31","passed","2026-08-31","MCT Form Submission > Constellium","mct-form/mct-form-submission.spec.ts","",""
"","15491","DJCSS-T140: Verify Unrestricted Upload of File for MyCompanyTodayForm - Arconic","BS-Firefox-Windows11","2026-08-31","passed","2026-08-31","MCT Form Submission > Arconic","mct-form/mct-form-submission.spec.ts","",""
"","30200","DJCSS-T57: Verify Dow Jones Risk Journal is listed under the Product section","BS-Firefox-Windows11","2026-08-31","broken","2026-08-31","Risk & Compliance Product Update","risk-compliance-product-update/risk-compliance-product-update.spec.ts","",""
"","10951","DJCSS-T111: Verify New MCT Article Submission Form - Analog","BS-Edge-Windows11","2026-08-31","passed","2026-08-31","MCT Form Submission > Analog","mct-form/mct-form-submission.spec.ts","",""
"","11796","DJCSS-T147: Verify that the form prevents submission if mandatory fields are empty - TRS","BS-Chrome-Windows11","2026-08-31","passed","2026-08-31","MCT Form Submission > TRS","mct-form/mct-form-submission.spec.ts","",""
"","12401","DJCSS-T142: Verify that the form prevents submission if mandatory fields are empty - Constellium","BS-Edge-Windows11","2026-08-31","passed","2026-08-31","MCT Form Submission > Constellium","mct-form/mct-form-submission.spec.ts","",""
"","25378","DJCSS-T105: Verify the FAQ URL redirection on FAQ Menu on the Navigation bar","BS-Chrome-Windows11","2026-08-31","passed","2026-08-31","FAQ Navigation","faq/faq-navigation.spec.ts","",""
"","2465","has title","BS-Edge-Windows11","2026-08-31","passed","2026-08-31","","example.spec.ts","",""
"","28084","DJCSS-T178: Verify form submission for RC DJCSS RCFC (Financial Crimes)","BS-Chrome-MacSequoia","2026-08-31","passed","2026-08-31","RC Feedback Forms","rc-feedback-forms/rc-feedback-forms.spec.ts","",""
"","10807","DJCSS-T153: Verify addition of new products to the Product Alert list","BS-Edge-Windows11","2026-08-31","failed","2026-08-31","Product Alerts","product-alerts/product-alerts.spec.ts","",""
"","12583","DJCSS-T139: Verify the form successfully accepts exactly 3 uploaded files - Arconic","BS-Chrome-MacSequoia","2026-08-31","passed","2026-08-31","MCT Form Submission > Arconic","mct-form/mct-form-submission.spec.ts","",""
"","27742","DJCSS-T83: Verify Acceptance Modal does not reappear for an already-accepted PDF (same year)","BS-Chrome-MacSequoia","2026-08-31","passed","2026-08-31","FAQ Forms","faq/faq-forms.spec.ts","",""
"","19003","DJCSS-T167: Verify Advanced Search product filter navigates to filtered results","BS-Edge-Windows11","2026-08-31","passed","2026-08-31","Home","home/home.spec.ts","",""
"","12854","DJCSS-T111: Verify New MCT Article Submission Form - Analog","BS-Chrome-Windows11","2026-08-31","passed","2026-08-31","MCT Form Submission > Analog","mct-form/mct-form-submission.spec.ts","",""
"","12838","DJCSS-T113: Verify that the form prevents submission if mandatory fields are empty - Analog","BS-Chrome-MacSequoia","2026-08-31","passed","2026-08-31","MCT Form Submission > Analog","mct-form/mct-form-submission.spec.ts","",""
"","12641","DJCSS-T137: Verify that the form prevents submission if mandatory fields are empty - Arconic","BS-Chrome-Windows11","2026-08-31","passed","2026-08-31","MCT Form Submission > Arconic","mct-form/mct-form-submission.spec.ts","",""
"","21711","DJCSS-T166: Verify Product Area dropdown reflects updated product names for Global Risk Insights","BS-Edge-Windows11","2026-08-31","passed","2026-08-31","Help Request Form","help-request-form/help-request-form.spec.ts","",""
